image_id,pred_lat,pred_lon,pred_radius_km
34f65e00cc3df67d.jpg,14.574520451812207,76.56502594075516,8287.696100472549
14fabfc3e0d31fc7.jpg,15.467110830107991,101.73035755204492,1277.6779273480424
88a891ffc6beabac.jpg,29.611640337163024,94.99555318217254,9899.461006441414
f8bec9bfff55065d.jpg,-10.00733745577267,14.655202826309054,9909.026077725519
d16ea14697a3c421.jpg,3.0099166295465234,28.361514407605576,1277.6779273480424
3b2cef528f285b83.jpg,-10.642331828498158,13.264776774358277,9909.026077725519
af38392885b9f454.jpg,49.673649823911994,4.4567280911378955,1277.6779273480424
1574541bd6040c32.jpg,62.01549420946783,106.65105411070954,7610.930404205219
5ac5f6f7964b4624.jpg,-24.69320893286179,30.452929137508892,9909.026077725519
f7b90fe9a5323a50.jpg,16.1734364952243,101.79422610846268,1277.6779273480424
8567875889197d47.jpg,-2.890164766556382,27.32244651905276,7610.930404205219
33bf3dceb726df58.jpg,8.551772775716175,37.83699633241629,1277.6779273480424
c943abb2a4ac7741.jpg,-10.993582409941467,12.19129149901994,9909.026077725519
d46ff5303889ff4d.jpg,68.11794195898382,26.471678550321418,9899.461006441414
892042bf38e73cc3.jpg,-27.335502065048225,152.58118272673107,2884.6386747506726
fcfa7058b5d5c0e7.jpg,15.825768443504636,101.73609805592186,9909.026077725519
4266469407262b4a.jpg,61.376504343265864,16.524992494013226,2884.6386747506726
ea26fa4f04e88fa3.jpg,31.81007023363628,109.69738390071959,7610.930404205219
6207606b1fc8f6b0.jpg,52.03935258027656,86.05553523545298,9899.461006441414
b0aa0881d1990b4b.jpg,61.33618309789843,105.87703013646225,9899.461006441414
e83871c9d080af07.jpg,51.83186132850931,73.43628215327338,9909.026077725519
133548540cf07db3.jpg,47.43000662425419,-90.14099952087037,9899.461006441414
3e34a3d8ea8deaca.jpg,8.460271956986775,39.06035336260156,2884.6386747506726
f718ea9ec9a3beca.jpg,8.07299807912766,38.461703848838965,7610.930404205219
16c4c297bef775dd.jpg,50.09876485584739,-2.0663110989747553,9909.026077725519
51912bec686620c8.jpg,12.724551422385632,77.38256278500735,2884.6386747506726
fefd6a85a57fee67.jpg,9.255709352559437,38.56927800855064,7610.930404205219
6133dc15a3fda329.jpg,52.55300311681373,84.443955517285,8287.696100472549
2a3e86ed37f2e785.jpg,4.87184366952974,139.9802330672605,7610.930404205219
5d013fe615f9c02b.jpg,65.15901140988558,68.94131313385422,9899.461006441414
ea5fd67dc2a031bf.jpg,51.408642109199555,16.300399642906118,1277.6779273480424
7daabc43ae3cfeef.jpg,43.98739288317328,79.28272865361097,9909.026077725519
e8d60fad29e6e7d1.jpg,30.038650099680737,77.89549252469341,1277.6779273480424
6d31323716b2543d.jpg,-13.182831059205428,26.9155432518741,8287.696100472549
633a1a0f1cd91f4e.jpg,26.186587668710985,87.46964473881603,8287.696100472549
7b83f47144755189.jpg,38.63368965555977,20.93771792865623,2884.6386747506726
715dda842ee80399.jpg,8.699007521039833,38.83389690740383,9909.026077725519
59a1a27b93eddee4.jpg,-33.67016086490991,137.41639292605413,8287.696100472549
956eb6f64059d2a0.jpg,9.998510094947209,38.99512347671801,8287.696100472549
bb3f975bfd39d0d6.jpg,41.570763315872874,-7.619135003783693,2884.6386747506726
a7c1acfca476af15.jpg,1.067739333861709,26.2257707670297,7610.930404205219
104d793a3274a0e0.jpg,-10.805516426586422,13.039092962522684,8287.696100472549
88029ef36f8b0d99.jpg,8.573278131551136,38.29803484079092,8287.696100472549
f558054b0967f296.jpg,51.00591347710708,19.160700912688938,2884.6386747506726
a0261b31d0ae3fb2.jpg,-38.54535851407884,143.87077929896927,8287.696100472549
518803a63f4ce86a.jpg,-39.58747752348337,174.01937072673482,2884.6386747506726
02e753995218eb01.jpg,44.62224039042963,-73.76835531320394,9909.026077725519
775e381ca758a326.jpg,60.61628496811079,5.6480519095658925,8287.696100472549
89296c7310066328.jpg,67.95760831811039,24.966924063906152,9899.461006441414
50b237d2c8021150.jpg,31.65668127148666,107.7032529880555,8287.696100472549
49f376ffef8eda62.jpg,7.7952846015161175,38.06608797528817,1277.6779273480424
9ae4fd7a87131d9a.jpg,56.06459262421244,13.569103683486013,2884.6386747506726
af2e85f30019b307.jpg,39.94074840714287,20.620179325093325,7610.930404205219
fd3d9443a18084bf.jpg,55.524522277552116,-121.6502050152955,7610.930404205219
231b092e9e491787.jpg,-2.5942112543646094,29.043110791514753,1277.6779273480424
cd07d241a4184cad.jpg,28.355252925799206,75.2534585204423,2884.6386747506726
722e54382a6c9e09.jpg,42.88288063871031,78.30474664108225,2884.6386747506726
ab64ffa046f57986.jpg,55.04471639080666,-122.11852068878258,9899.461006441414
7b7814e2e48aaa80.jpg,12.108015894470055,48.91642665116729,2884.6386747506726
1787c59443f01363.jpg,-12.690824632667812,13.102387484639438,1277.6779273480424
b8194b18e57a8d91.jpg,-13.552673946130172,27.182109003519233,8287.696100472549
d712102e02330adc.jpg,40.47146083285164,19.616796412330146,8287.696100472549
9b281d4cde3b71cc.jpg,-11.77000666143826,13.205331370185458,9899.461006441414
63148d85e921762d.jpg,-28.53183463893891,152.29628404176557,1277.6779273480424
24d3fe0a3571a6ed.jpg,-0.7188179829183814,27.80917693892853,1277.6779273480424
3cc61982a463034d.jpg,-31.867149628028876,151.34239947933082,8287.696100472549
9b923862031282cb.jpg,7.790785990213877,1.9870244912313586,9899.461006441414
3a552942049dc5c7.jpg,8.93462190277039,40.01896863967408,7610.930404205219
6ca51647448fd25c.jpg,0.9913950897415322,140.86828918988562,9909.026077725519
ead93539226a9aee.jpg,-11.268740211748394,15.332456074665062,2884.6386747506726
09ddfb396c26f59e.jpg,-37.40564804304479,141.67110360503412,2884.6386747506726
78d20d204981e413.jpg,63.270718541681234,109.15369616407376,9909.026077725519
eaf94067b669152e.jpg,26.184963829571046,88.24592400756454,9899.461006441414
e80412781e258776.jpg,-10.169424181007656,14.768961448316027,1277.6779273480424
c485f946d04f40e0.jpg,8.08668157703339,38.08179917252878,9899.461006441414
9847db775d791efa.jpg,-47.099199529839915,-68.32714318691708,9899.461006441414
10ffb9fa9571d2c6.jpg,-39.79905914426639,-72.96341384900037,9899.461006441414
f416e2652b0ad76b.jpg,-25.42605269361912,18.652200858894346,9909.026077725519
3ea1ff7e1f770ea8.jpg,-22.353038225664484,16.991620048713294,9899.461006441414
d3c332ebc9eda5d5.jpg,-11.832390551590237,13.701150775514037,2884.6386747506726
8d4f713ab1dbff42.jpg,-30.840679443702705,153.76252323894607,2884.6386747506726
a7450f805ece6d82.jpg,-3.3537046053472754,28.396579439591704,2884.6386747506726
61ad491ea3206aa0.jpg,-10.362100009941372,13.02855399246316,8287.696100472549
0b8a70baf877d305.jpg,28.992887389025157,-16.243056457155852,9899.461006441414
68c905b8cd2f0aa1.jpg,0.3896746399383518,-61.53166711835026,8287.696100472549
2ba2fbb1c280f851.jpg,0.1694015922527286,-61.22842933500301,7610.930404205219
880a4954fa0d29bd.jpg,15.964929315010373,101.49114073528068,7610.930404205219
0ff85d84206f4197.jpg,8.360586347646107,39.13179353715779,8287.696100472549
74f02d9dfa88eef9.jpg,-24.34107467938839,18.256730906439817,9909.026077725519
f921617808fe4cc5.jpg,62.03625478291458,116.87690952745966,7610.930404205219
889df7ef8d723966.jpg,3.4003480262716455,138.23106012070696,9899.461006441414
35489a7e043e992f.jpg,-17.94265770473656,142.78025750276186,2884.6386747506726
0a0553d207860b27.jpg,-21.221795685600853,117.03105332755845,9899.461006441414
59ed2eb4aa65ec7a.jpg,69.27032478432211,86.08833580471044,7610.930404205219
7063f2fa4c8957b8.jpg,42.40747807489996,78.89188318034958,1277.6779273480424
7c0085afe66b20f7.jpg,-0.7758469917837378,27.697727259365323,7610.930404205219
a83a7499f60466d4.jpg,61.00748344951815,111.62236873703662,9899.461006441414
79558f4c438e7c14.jpg,-20.274570665291996,23.48455682491506,2884.6386747506726
6370a6f27e4ee7fb.jpg,9.099185767239918,37.57664756293209,7610.930404205219
c96184929512f808.jpg,54.17540387746436,82.52921992724215,2884.6386747506726
5e672d4fc786e5c9.jpg,44.525024410138265,-73.05789909318283,9899.461006441414
616a18260a49e2b4.jpg,-44.2705777499916,168.7009128350552,7610.930404205219
04d86f17833b3d94.jpg,35.12037050909911,36.049895116919764,9909.026077725519
17998f1f5c5d982a.jpg,-2.1078130939069983,28.567407599522717,7610.930404205219
4ba89445e9a6babe.jpg,58.125043476129704,16.20672774810542,9909.026077725519
c8d3311702516994.jpg,-19.78565715902254,24.884615306322235,1277.6779273480424
30b30a3c81dbac7f.jpg,-12.836046765553847,27.875053637533263,2884.6386747506726
e445ec73906593a9.jpg,27.301918332026318,78.51807664799172,8287.696100472549
4d3862ea366d65cc.jpg,-2.2924865820471045,27.221360474850403,7610.930404205219
4a52a514aba84cfb.jpg,-20.307815960578175,24.999957241319024,1277.6779273480424
e9457ede8aeb332a.jpg,60.8355931197935,74.08883682662913,7610.930404205219
3227547c2a8bc21b.jpg,-32.95858413576516,20.84257523126991,2884.6386747506726
9013562ad9f267de.jpg,-1.8660454490247962,29.724747012226164,2884.6386747506726
24f4870787cbfa02.jpg,-1.0976320245329139,28.527312359351107,2884.6386747506726
5a4705435fc7656a.jpg,-6.65498767354541,120.28525211243509,1277.6779273480424
eec1575f6a15c1c3.jpg,-37.47423221696256,143.42694499401227,7610.930404205219
9d6b71895a3d6b38.jpg,7.159396223282343,0.3781376770622896,8287.696100472549
5e8d8042575d464e.jpg,55.22009468360566,-122.08936467400854,9899.461006441414
ee637f3e2c6abfaa.jpg,8.180384151196009,0.8152470787938351,7610.930404205219
01b8b246ce40e841.jpg,4.079599945410918,8.704877028443175,8287.696100472549
87395d0a579e2e27.jpg,26.770227469259538,86.17011532217587,2884.6386747506726
7501a0a1a1475c64.jpg,-30.415174759254462,152.80614511951723,9909.026077725519
4638c46ca49956db.jpg,27.632233445093945,76.46198024817268,1277.6779273480424
ed1a3529bf45b14a.jpg,1.402108518943023,7.833212172470888,7610.930404205219
b5494437d7bc8300.jpg,39.96213067477468,30.69000614984004,1277.6779273480424
d743253b31369422.jpg,-29.444402105877497,28.74610788062304,9909.026077725519
c2bfddbe0beb246c.jpg,29.563288275645093,77.47572394703268,7610.930404205219
aeae90d253727778.jpg,0.4336863419946435,27.11197199205154,9899.461006441414
709fe748d6c12a1c.jpg,17.25874183872169,79.39654408243969,9909.026077725519
4ad8074bdd7102b4.jpg,16.585049184719388,102.35648081798952,7610.930404205219
c6637576eb28f84c.jpg,5.3023112751205606,138.54650697675154,7610.930404205219
7f5655e232cd84ed.jpg,30.244302424841933,94.56418230668521,1277.6779273480424
063e1ae489f69d85.jpg,2.5681415460046533,28.61000308960409,1277.6779273480424
faea072d54cddb75.jpg,51.54269885615924,17.65147986008678,1277.6779273480424
426347a08bfcda58.jpg,14.188083750991284,76.226561886696,9909.026077725519
c942531018284457.jpg,67.26640797980635,27.15188741169802,2884.6386747506726
052053e25b1a7188.jpg,-2.048652622944474,29.017091644199326,9909.026077725519
10a63556804c5770.jpg,61.89825628448844,41.717805408414634,8287.696100472549
030fd0084d812f2d.jpg,66.72949855149477,71.67310480825611,9899.461006441414
922847e9c74da80a.jpg,51.922476173364686,29.342599398427687,9909.026077725519
3ca21ce4ce9adcc4.jpg,27.872690979883984,76.25175446451802,7610.930404205219
b7717e05e5f2a7ff.jpg,46.25892420539337,-121.2452553765057,2884.6386747506726
ac917be051ccd9c2.jpg,29.71832847898584,95.95539150176218,1277.6779273480424
951ecbae42cb58f7.jpg,53.50286163937923,67.32519924175,2884.6386747506726
d0136e65a9ead0e9.jpg,29.086583737776593,77.72119853943745,8287.696100472549
55812c5ce5299706.jpg,-9.619207506202969,12.606175306298361,1277.6779273480424
378cd45192fe1307.jpg,-8.134650235199246,13.172618565548971,8287.696100472549
b0743ce95b52d858.jpg,-28.89332238517762,153.07214859150466,8287.696100472549
ea86e4f19a083ce7.jpg,17.08920136348373,101.71258009234437,7610.930404205219
0ca64c387e9c3832.jpg,51.16265111760715,18.66776692070126,1277.6779273480424
e4746107653f02f6.jpg,-10.058813099884304,12.483402045512749,7610.930404205219
6d9e15e1c966040d.jpg,-18.06560020797655,26.703549229432625,9899.461006441414
08422c816dc4820b.jpg,50.18932656074366,6.559754586816547,9899.461006441414
b9e35853bc87b9b4.jpg,-42.53122419577331,146.4500195579286,8287.696100472549
a4fb79b10a5c9a4e.jpg,-1.9619447925153968,27.669804788644218,7610.930404205219
0509539ac6d20d2e.jpg,9.264529081649174,38.78225814946542,7610.930404205219
d4f603b8913488aa.jpg,9.059125065383752,45.69490307520104,8287.696100472549
b1eb874d441107aa.jpg,8.219854983157505,38.28071091210935,9909.026077725519
b24f68b409f34768.jpg,-24.699675891889918,18.06352353122801,8287.696100472549
c573e64dc78ddf36.jpg,45.149209897390655,76.83500464669957,9909.026077725519
5a7bbdbaccaa19d9.jpg,-9.921629552864346,14.936970239635071,1277.6779273480424
956c3a8d313af709.jpg,-22.657608423723566,17.224340532759626,2884.6386747506726
e55cf8d31b35416d.jpg,-36.6394415252292,143.12311629277661,9909.026077725519
8b44fed13364f1a5.jpg,-20.68568443410799,26.02197428788832,2884.6386747506726
ada5367fb25e9580.jpg,-35.41625313596966,136.77106022376552,2884.6386747506726
11f88f62a9b6936f.jpg,-2.329230699783921,28.564389102721297,1277.6779273480424
f0100d9595f93961.jpg,-2.5451511480871436,28.400700742728244,7610.930404205219
75984aea33e1bee6.jpg,-1.802817616707444,27.919446818474682,2884.6386747506726
95e50aa60628baa6.jpg,-13.73610902856578,27.51560169507886,9899.461006441414
fa2a319278c26789.jpg,43.86863535067131,0.7310081477614743,9899.461006441414
6d2523a19eef6549.jpg,-24.16003576664637,28.095207387099187,9909.026077725519
c1e0cf6f605980ab.jpg,61.754293468534414,107.55783826284672,9909.026077725519
6344e52f8780453e.jpg,-39.90809183479144,-72.14835352832205,9909.026077725519
f5596f069e4d38fd.jpg,-38.52976616064463,174.75459960941794,1277.6779273480424
20ea297869e8d5b7.jpg,-32.66805174282623,-69.91577422085125,8287.696100472549
d1d2ba3843938fe1.jpg,67.38352363982652,17.991231743443105,9909.026077725519
e048ec7f11c2811d.jpg,7.795762501215464,0.9033477647093066,9899.461006441414
e607773284c8606b.jpg,7.697832557029118,38.64586934955539,9899.461006441414
921abe5684f58381.jpg,66.0352397692999,27.27025211889628,1277.6779273480424
8eb40cb5e83a4049.jpg,41.548042456976226,76.95735556646146,9899.461006441414
903626f2d9a07035.jpg,-2.312046919113755,27.26951205489616,8287.696100472549
1d1b35ccbece9fbc.jpg,-1.002313423997521,28.809895165890204,7610.930404205219
a2dd4d2c844ad12f.jpg,-44.37882601358909,169.67570395425503,8287.696100472549
5803dfaf2a7954cc.jpg,13.074560208110272,78.0031697905929,7610.930404205219
3d8ae039e869d4b1.jpg,48.74523440624079,6.946787111295534,1277.6779273480424
5fb6320707f9bbf8.jpg,-40.26438748819894,-64.4696576699097,7610.930404205219
4ea6d43373816a18.jpg,14.014455447950786,9.41120608758053,2884.6386747506726
a8746e97f1bef75c.jpg,-21.931496895834908,30.53050868542635,9899.461006441414
801bcbd0ab3d9425.jpg,54.611274322389335,65.62127408703167,8287.696100472549
88b9480999256b61.jpg,57.9262073950498,0.42107068750132903,1277.6779273480424
6dff6b47546b05e7.jpg,-13.045591066586868,27.869295972140563,7610.930404205219
8647289f7a94e4a5.jpg,-34.947020315442806,-72.65515493504049,1277.6779273480424
69db1172853294cc.jpg,-10.960336280190262,12.155073538537241,8287.696100472549
0e1b3628abddc977.jpg,-43.980185619378275,169.88722344518146,2884.6386747506726
a55b6510aad3a414.jpg,49.853144906448215,-115.24837647029436,2884.6386747506726
79bebfd1965aa0c6.jpg,-11.640051548504147,16.60658164677845,9909.026077725519
f8d549b769937e44.jpg,62.355901670395795,110.62783552954103,7610.930404205219
7edd64970315e52c.jpg,38.70518154805425,31.522202050575114,9899.461006441414
6817b995a5a80eaa.jpg,26.893333260462597,78.24744089319348,8287.696100472549
9654727365d6fcbe.jpg,-11.067554016732487,13.484620506368616,9899.461006441414
da4c751b3fb785c2.jpg,32.09789186943217,126.64265055448273,1277.6779273480424
32f287c9b368a8b9.jpg,-11.805618057954208,27.671373544793635,9899.461006441414
ab56504b3b7ee9bf.jpg,-0.719020956518176,-60.39745723026407,9899.461006441414
ebad46d639644f97.jpg,0.7949849030908349,26.83516522192549,7610.930404205219
0b2459c2af3fec12.jpg,9.113535943097462,38.279961554441016,8287.696100472549
b7382ea87e73450b.jpg,54.92519454595191,83.88211401823202,9909.026077725519
9076a442de4373a6.jpg,-45.001711300397105,168.76540350348566,7610.930404205219
7f35651edb87777c.jpg,-1.0828259774509665,28.969294302356303,8287.696100472549
b84efc4e28f73086.jpg,52.97923556590876,3.9673519527610828,2884.6386747506726
f6ddc6cbb44fe4b1.jpg,-36.56974599290727,142.51854618941215,9899.461006441414
d969f21328f0bba6.jpg,-1.1156625264350173,28.074996737849037,7610.930404205219
e81990344c6ddae0.jpg,56.646551931406194,12.671925687278852,9909.026077725519
0303621f7dba65c3.jpg,29.945914809153393,77.36187097891025,1277.6779273480424
c3f19300484a7187.jpg,4.854180429971641,-77.63673150768747,9909.026077725519
ceef726e80e1608f.jpg,40.515304340618364,20.27119465742311,9909.026077725519
30775b20ae890b50.jpg,67.02595726799426,12.644772058847336,9909.026077725519
39e41aa9e2eba72e.jpg,-20.507590285472126,24.569237136899016,9899.461006441414
d60423a4642a3d35.jpg,32.413157644921355,95.1581547621496,9909.026077725519
e4debd3606b15bba.jpg,-10.724829842471394,12.565228785175467,2884.6386747506726
c4842e9febff2ecb.jpg,55.725384238201606,-120.13767698652603,7610.930404205219
daa2ff45e777f27d.jpg,-1.522988502031922,26.828641069389374,1277.6779273480424
71b8c3239916160e.jpg,0.3969429395135644,27.614163718399862,1277.6779273480424
c1db6276e176539e.jpg,39.57104275366755,-95.24533739489996,9909.026077725519
1a29b3eb77709f78.jpg,50.59071463967165,6.23758200672011,7610.930404205219
8409bedfa3f99b9c.jpg,29.252863798400824,-16.92929778641413,2884.6386747506726
290973ff1f0fd31a.jpg,-0.49505135799086064,29.504568312178613,2884.6386747506726
a382219332ef777b.jpg,-44.05428837873954,168.90634516220842,1277.6779273480424
e15e939e86d08057.jpg,16.86562195674545,103.08971674685337,1277.6779273480424
6a4874c0753c6ae7.jpg,-11.26164946439198,12.553923706216612,9909.026077725519
12078a677a1721e2.jpg,51.10769940538722,-109.08945558235585,9909.026077725519
4b0af6b43e3669d8.jpg,-17.282354469682545,143.5182767871686,9899.461006441414
af41f726ef9f0373.jpg,57.61715238368028,15.667317054765736,8287.696100472549
2edf3b9116a35433.jpg,17.17652681724197,101.66300518300515,8287.696100472549
438e173186f291b1.jpg,44.63712031679096,11.617660026909302,9909.026077725519
1f4b53896258e18e.jpg,-2.1786583402220008,27.5523430338307,1277.6779273480424
c30484c6f8da7ea6.jpg,10.189897748298039,39.40129045187999,8287.696100472549
570cc4597aa648e3.jpg,30.066856804543548,95.00377758310029,7610.930404205219
823a20e7f3b95202.jpg,1.1183657453467881,-51.94552066899969,1277.6779273480424
d80d2aecf55f4148.jpg,-32.008661187515266,151.53487507486972,9899.461006441414
6fad06e4e229e63d.jpg,50.774336500712245,5.9656722333501655,9909.026077725519
c9a8a722cfd5e49c.jpg,37.39489579971022,11.500498564352565,9899.461006441414
f2564ea1c2e37234.jpg,8.265137108630528,38.507034890337984,1277.6779273480424
f1a7d638656bc9ef.jpg,-23.107807107281303,118.0961783929546,2884.6386747506726
2697ebbd9b2dce33.jpg,45.319994042682076,11.93248618459898,9909.026077725519
a9f3d1ee26389fa3.jpg,29.80663562124353,97.42602052120648,9899.461006441414
6d93be625f85719b.jpg,-3.6241394617620704,28.152634526632745,7610.930404205219
29204fc5068e42b5.jpg,-39.95581506849124,-73.71443634125771,7610.930404205219
eedf38404f3b7e76.jpg,8.135699244803776,36.57731374713393,2884.6386747506726
ac571aba16337ca3.jpg,38.69760519832127,-106.39170176056798,9909.026077725519
729da1c61f2c61d5.jpg,13.719092886627699,-16.400014236345235,1277.6779273480424
9217b12e7f9670b5.jpg,58.44854161307501,2.492563899830298,2884.6386747506726
ddbd7f4a330f0812.jpg,0.4887630603250268,27.785104233708577,8287.696100472549
fb4fb0a8d7356b1d.jpg,-0.978529695517182,28.855017229532976,2884.6386747506726
fa3284c1c6b7caaf.jpg,-19.729465759329052,26.040004495880524,7610.930404205219
28dfbf594920d8d3.jpg,-10.0238396467032,-54.64419088818577,7610.930404205219
c5dfb0d038b2d09d.jpg,-9.247346167587551,13.751971949710187,7610.930404205219
8d52b6c06e38bbda.jpg,10.085526670375293,9.034837318229007,9909.026077725519
a1c34f44cc3fe88d.jpg,1.682076192138669,-61.78628443012855,1277.6779273480424
74596b1ff7c45217.jpg,13.926418384401261,75.38415276749937,9899.461006441414
61c47d2afe40dbda.jpg,30.665044234542982,128.5695267916721,7610.930404205219
ddc12f65c66c594d.jpg,0.18069192385041744,28.09219619366835,2884.6386747506726
7fe791008504f5c3.jpg,-0.6274242141309974,28.233441230636135,9899.461006441414
f6de5a546e555cf2.jpg,-11.321439157235519,26.690318390268242,7610.930404205219
7168aa117eb89dbc.jpg,-2.6918961145941016,29.394510838451744,2884.6386747506726
b66408637807ae81.jpg,-1.6023772695127723,28.367239403383536,2884.6386747506726
52a8984c2b33d0e3.jpg,-9.466497545265469,11.3720218865055,7610.930404205219
642c00199b6711b6.jpg,11.020787119445641,47.14846221218675,9909.026077725519
42a166c5cb3e1b03.jpg,-17.74411570587334,143.7859147398813,9909.026077725519
e04a6326a6bae1e9.jpg,5.0760731385795586,7.56170092418098,9899.461006441414
252f627c28557048.jpg,-7.397455740173028,109.69919603085542,8287.696100472549
1aa3575253768748.jpg,-41.717791608357615,165.51346758959005,9899.461006441414
10095d84f08fffbc.jpg,58.07991609141516,8.131646413705706,2884.6386747506726
65b51baf15dc54a7.jpg,-9.700826893556014,26.334026204166918,9899.461006441414
89d76e5ccddb37cf.jpg,12.423361403731763,77.22031718060802,7610.930404205219
9c26fc4052325510.jpg,-3.5371921468967913,37.029837991204275,2884.6386747506726
1351d11dffdc5370.jpg,66.22946210034696,28.771557135025493,9909.026077725519
7624f9ed659c68de.jpg,0.3003130362441574,-51.43548825705193,2884.6386747506726
f7cf887caf4fca3c.jpg,32.10309201900752,74.71889151846624,7610.930404205219
9ad0e19b80900629.jpg,-14.664019808217823,-48.249024722369604,8287.696100472549
56a89f994faa4a04.jpg,45.54154668315612,26.5792098770107,9899.461006441414
5f4587ba9678ac4a.jpg,2.19790294633789,8.10992286821945,9899.461006441414
74a143e3a0cda8e2.jpg,-3.302774820572495,28.2392936501972,9909.026077725519
fe12a1837423ff98.jpg,7.659697624511113,39.05823107834907,9899.461006441414
adfa2b78258e5223.jpg,-36.7167891018474,143.18999039550414,9909.026077725519
6c62bb7ead479b4c.jpg,67.74721713193266,26.703074140943322,2884.6386747506726
76c98fdd2d2ca088.jpg,56.42207469990366,11.776597464348047,2884.6386747506726
4de96d42b788bc99.jpg,58.4815337376325,4.071183366963305,1277.6779273480424
fecd47ba3400a302.jpg,44.29252771603232,78.85299092208051,8287.696100472549
787291843c0b2d06.jpg,32.638646112232344,126.45703966542469,9899.461006441414
067ac75507c68e12.jpg,-39.186689662792226,-72.99718668193212,9899.461006441414
4c751c373ca9462d.jpg,66.58100946076719,31.29789519905882,9909.026077725519
7190af77fb2140ff.jpg,5.11907861005861,140.1156191854824,2884.6386747506726
fac655e7484abec0.jpg,0.8336232664566012,-62.27551009542392,7610.930404205219
581bf2f7b7731926.jpg,45.481647442149544,14.226554394867144,9909.026077725519
f8dfd086d45a51b9.jpg,0.3861389520149204,-61.197102578054015,8287.696100472549
3eba9e7ca4dad2e4.jpg,-24.1900402083845,28.33604842078129,2884.6386747506726
95d51c3debbf6cd1.jpg,-16.17767461695847,143.28640617291364,9899.461006441414
c6c726fed45cf4fd.jpg,-18.85476379745409,25.86908969553918,9899.461006441414
b172d80bcc7280a1.jpg,-40.654577962168,-73.65739332370526,7610.930404205219
df9de367d3d2d12d.jpg,42.96516932154669,-73.62422150925943,9909.026077725519
079a2f3281dcd203.jpg,-14.30271634425968,-74.9908587399489,9899.461006441414
c6d6832dbeb9e465.jpg,-39.381522614158726,175.91623991144843,8287.696100472549
ee11079a96b85d4d.jpg,-0.8200521209303138,28.202830782609393,1277.6779273480424
9a0934ca7490fa26.jpg,-15.553657065141097,28.876626818485846,2884.6386747506726
c5cbb68696f4f1fa.jpg,10.447384618129847,119.93255378942143,9909.026077725519
cb4b7f5845308b46.jpg,-0.7142601349416968,28.142720638400792,1277.6779273480424
2afa3954cec874eb.jpg,-12.281479316759006,27.50190093401315,9899.461006441414
f3647d11763fd8a7.jpg,-37.72501504946588,143.52133388700815,2884.6386747506726
b09742042285fd2f.jpg,-13.953465804502308,-50.56863361636263,2884.6386747506726
481f43e8029f0a00.jpg,31.52846885030847,96.99764603969591,1277.6779273480424
58f318396bb5a648.jpg,-36.877697234638916,144.29660397315945,9909.026077725519
efffa08ede00d3de.jpg,14.292784891929744,121.41086712657166,7610.930404205219
3d0c8a31e02728eb.jpg,66.8578120438144,22.05617598269161,2884.6386747506726
7ff5a0c0f300bd93.jpg,-16.191737885858387,143.78761899466744,8287.696100472549
9534c8ec2d59571c.jpg,-32.88607455125881,-70.28963984789277,8287.696100472549
05ae8620796b212e.jpg,-9.792683606170925,12.333218668756091,1277.6779273480424
8b8a793c6075739f.jpg,8.483733149833073,38.26131856901045,1277.6779273480424
043916ecd5d1ce2a.jpg,-12.024435500609771,24.398167993541296,9899.461006441414
c57e56c81dd32987.jpg,50.29868606353602,5.650625390367164,9899.461006441414
a29781e1ea092fb2.jpg,-2.638004932648301,28.763115192052357,7610.930404205219
9adeea449217f9b0.jpg,32.278307930975096,125.98852316314976,8287.696100472549
8acd34f1ee8e87e5.jpg,58.620990417213115,-113.377527995048,9909.026077725519
473f391d5cb22915.jpg,67.26235152610151,18.73200419698786,7610.930404205219
a25d6a5fe117751d.jpg,15.248253090171277,78.56744585620085,2884.6386747506726
85265509b03cfb84.jpg,5.773224703526026,1.4369305342534022,7610.930404205219
a3f0cda23216f4a3.jpg,-0.8108944532890348,-61.425303265076565,8287.696100472549
04cc9cb6d17c7b8b.jpg,-26.837642345919,17.009888695207238,7610.930404205219
69f54ba01cb3e993.jpg,45.33955133991184,14.579438308683775,8287.696100472549
e254de940aaa0efb.jpg,13.01447163322395,76.91228739036912,8287.696100472549
32c6678450a3f9fa.jpg,8.841968963510384,39.51323273221938,9909.026077725519
43f803829f907eeb.jpg,-6.152920316243698,121.15432526634598,9909.026077725519
4a739b8faaf29a96.jpg,-0.05714169526731938,28.535541439620243,8287.696100472549
b62d7e20abd4edad.jpg,31.830038848572784,95.43417522759498,9909.026077725519
c9b350a542e7a131.jpg,-30.52301467187176,29.084153735903342,9909.026077725519
e00865f6689cec95.jpg,-1.7632407286230323,27.70589609171952,9899.461006441414
a0f6c26a14008e59.jpg,30.310041355185888,111.76531902235318,1277.6779273480424
acd33ef068b88207.jpg,-12.321297059762374,27.56993831371523,9899.461006441414
480aea0b4f9991bd.jpg,-29.00546906076432,152.32502648924654,9899.461006441414
5de39b00c849c1d2.jpg,48.87673798824152,6.010731250803097,7610.930404205219
75e6260ffcbd7c6b.jpg,-10.316147570633206,13.03634974549229,9909.026077725519
1d6e8b3b02ceb6ad.jpg,-37.34710486570749,173.71723945752214,2884.6386747506726
071015b88cdea540.jpg,-1.284655239528775,29.491706946163728,2884.6386747506726
895f7e1fed7f774f.jpg,-47.7915020548834,-70.84010318463861,7610.930404205219
0f0cd62129958fd5.jpg,-37.729126935490356,143.45173143261073,1277.6779273480424
791fae736694acbc.jpg,11.467515699123865,0.5958889617103259,9899.461006441414
20822b79cb72694d.jpg,28.305134456715052,-16.757840901041444,2884.6386747506726
84d15565e2a1b2a7.jpg,-37.81144390035509,144.49842747991752,1277.6779273480424
c0585f5404feff84.jpg,1.5499027631219628,28.67558524575953,2884.6386747506726
1185f83564af43f2.jpg,43.49045051241888,-74.94927711236603,9899.461006441414
f79f2a4c1d4f81fd.jpg,43.70912961231833,77.77852556755504,9909.026077725519
1688b38e3cb1c242.jpg,-20.678669205836506,26.12929308287331,9909.026077725519
db37b0f3031a97eb.jpg,8.63402064389645,39.96521850755519,7610.930404205219
5eba1d46a0c01c38.jpg,13.099047165096785,-15.484737778362245,9909.026077725519
69cf1ae3b74e7b45.jpg,-30.767693138942725,152.68231794020227,9909.026077725519
16776a8f4f518e24.jpg,0.24562006605551268,-81.29015769956855,9899.461006441414
718480fc0c3a0aee.jpg,-10.258821849846157,13.09500245866438,1277.6779273480424
4de905abd12afa9f.jpg,55.877163311361045,65.99712981136938,7610.930404205219
5c650163c3d18d57.jpg,11.346356722182621,39.84131636092929,7610.930404205219
d237de3c521a2e63.jpg,-11.336592351221356,13.053904122074304,7610.930404205219
2094a53eafc2177b.jpg,-39.54568478990434,142.0893485036926,9899.461006441414
40dc611e6abc169e.jpg,-23.256376266358714,133.60578406717948,9909.026077725519
408fbe44da1a38c1.jpg,-43.907077721142954,169.646441500359,9909.026077725519
501ae437f8cba277.jpg,39.30626283456635,20.174586172791695,1277.6779273480424
5b6bc9b3b92ec5f9.jpg,29.084662233040646,75.44435458951246,8287.696100472549
bc065d880d7fcbd8.jpg,-16.97163641014275,143.48129022960802,9909.026077725519
5ccb741b28de63ec.jpg,8.536402555770268,39.02199986048182,9899.461006441414
58b73f8c039836e4.jpg,-39.21710792095258,-72.32955279876441,9899.461006441414
b924f354a37fd345.jpg,0.7611509325485202,-60.86137475262936,2884.6386747506726
bde6afbd149d6fe8.jpg,-26.081640754236567,19.584347071214236,9909.026077725519
107d502205582f70.jpg,29.187031690523938,73.29086035239877,2884.6386747506726
3a76236a4b6a1ced.jpg,-34.70003654888702,-69.59549265191484,9899.461006441414
b52037377e957cc8.jpg,45.637126456069375,12.205129052193527,8287.696100472549
736eea377cea05e4.jpg,-23.866406895205483,24.80414805464186,9899.461006441414
9f7d0b88507e18c3.jpg,29.085342469864898,95.19153438407334,1277.6779273480424
dd5dc5ebf483be69.jpg,55.40895185156487,-121.15014506748167,8287.696100472549
8a388a3fd9ac64d7.jpg,-38.90551223517253,-73.69778229832848,7610.930404205219
e848b06d6bdc8ef7.jpg,32.99595062568678,127.73591640811689,9909.026077725519
ce7af30d3abb6100.jpg,46.77855065231335,38.3054035263161,9909.026077725519
b366be0faa8acc38.jpg,-7.087348561072876,120.89501909230499,2884.6386747506726
e7a4444a830fd8ae.jpg,-29.6060712107277,153.41335964713818,2884.6386747506726
ac1327cd47c27e07.jpg,0.2741930148538354,28.581158297083533,7610.930404205219
0031fc731a8b7e9a.jpg,-20.545892349414082,26.038065603335607,9909.026077725519
1159b050535cfea5.jpg,-20.606889060668202,25.517831588999666,7610.930404205219
c37fe97de5fadc1f.jpg,60.12846854493307,5.992776166573576,9899.461006441414
4535a64f89bfbb3b.jpg,-38.20588705469011,143.38713980860248,7610.930404205219
3fa7f2f60ff1f960.jpg,11.354709369925915,77.49397430276349,9899.461006441414
d2b3854ae45716f9.jpg,-19.252560428313465,27.048425874757044,7610.930404205219
c0ba19b96f9ca12a.jpg,45.69396908121052,12.639579214798063,7610.930404205219
39045a9cc0ed070e.jpg,-40.10273294807269,-72.80279726822071,8287.696100472549
6d8a2dfcd4a3d53f.jpg,0.36207219576203853,27.256987617912028,1277.6779273480424
0d1577f3986982d7.jpg,-25.405739093407366,-67.78667962132502,9899.461006441414
5fdbdcb2a3b0a14a.jpg,4.248691408499908,7.739858763566341,9909.026077725519
d4a9b8229c9bc274.jpg,-20.682554475001545,26.767158056488924,9899.461006441414
e3d8aacd6d3bb4b9.jpg,45.02049018868881,-122.09273504772067,9909.026077725519
15e4bf6dccd144ce.jpg,-40.80357312322452,-74.41897837917995,9899.461006441414
606fa68815a2ddb5.jpg,-1.7924711444441077,27.77856582252782,9909.026077725519
fe83c7edef0e2d3a.jpg,-16.143241460706562,144.15818835906737,9899.461006441414
e76e5a677628092d.jpg,-31.858416911158603,124.81049243333676,1277.6779273480424
5367927a2ace640f.jpg,-35.66922399927019,142.81002663133546,2884.6386747506726
48421a6971d0619b.jpg,0.6730905535201999,-61.07961872386563,7610.930404205219
de45e178566096c9.jpg,-1.5636301276702909,-60.645084955625975,2884.6386747506726
b78faa3749bf45d2.jpg,47.72881948301455,-89.06683312632897,9899.461006441414
d1ff601386bdb58e.jpg,-17.5569041287224,25.894678400446633,9909.026077725519
032c7c89755c144f.jpg,61.330975504371395,2.648040062794088,2884.6386747506726
2d82420559a2b8a6.jpg,-14.253037139818012,-48.326744624824094,2884.6386747506726
b7b16f8088e1ee66.jpg,3.1805239207704705,139.1317689626383,7610.930404205219
fa7489b495111a46.jpg,-10.428657000088009,13.249754205530929,9899.461006441414
cadc1070e48c20a4.jpg,8.256261977023472,37.779923643409425,1277.6779273480424
832cbe29f24ef240.jpg,13.083167416839062,77.58854609303981,2884.6386747506726
3933ea8fc44dafdd.jpg,41.32451467801724,-113.5245438209955,7610.930404205219
f83e29366ae0be63.jpg,56.79858569477122,97.68068361121449,7610.930404205219
e2b157497a46154b.jpg,29.796820762806945,95.0493320059173,9909.026077725519
c9db110c64176b1a.jpg,-40.01539062619998,-74.02263605262613,7610.930404205219
8539864ce9a0542c.jpg,-13.014936928772244,13.442249626918876,2884.6386747506726
f3de5cc696ae716e.jpg,-29.03631419377674,-50.68791896308755,9899.461006441414
9732f45755e006a0.jpg,-1.2340420448247191,28.45492515793084,1277.6779273480424
e6c226cb70a55be2.jpg,-13.030647203370869,-49.23358919756402,9909.026077725519
ca04565143c309af.jpg,-37.51648809353266,174.01717213535977,8287.696100472549
7ffa77a693adcb43.jpg,0.7717079804985039,7.3019855417526,2884.6386747506726
6ba2942a62cddd67.jpg,49.64398793006739,3.8739957644571255,2884.6386747506726
d7abbe1991614b0e.jpg,29.043720577404812,76.74383140158352,9909.026077725519
4160827811607267.jpg,-9.240869765304836,12.806591648651045,7610.930404205219
9ae1313824cf55a6.jpg,-0.8988759555879828,29.659270767637867,1277.6779273480424
7b4717347d81594c.jpg,-29.441454208717353,151.83213313960144,9899.461006441414
cf75da169d1c68dd.jpg,-28.28609660945893,151.32288606797732,7610.930404205219
23d0d0db3ace1280.jpg,-13.005248542215197,143.27717046494334,9899.461006441414
2b09359cdf05bbf7.jpg,-44.950004032635874,168.8160197610091,1277.6779273480424
d71b57b597ee03e9.jpg,48.30375663066706,3.7185489836385828,8287.696100472549
f31566f05cffc7ae.jpg,-9.199109823606722,69.05146060230304,9899.461006441414
da532f6465181f27.jpg,3.245630995336656,139.05947899448685,8287.696100472549
f40ba7a98c93ad56.jpg,-42.7334236417057,166.78758273700413,9909.026077725519
d54ceac76a933316.jpg,30.69946675210514,107.4740663249802,9909.026077725519
694a88ed676dbf1e.jpg,11.575984331435551,37.64111617979335,9909.026077725519
584d6432e9b7a8b2.jpg,63.472949925392015,32.30388002090218,2884.6386747506726
589abc1c93ca904a.jpg,37.74634558861974,30.616433425686715,9899.461006441414
c3269664e9fd48a0.jpg,-1.950681600815415,28.10920699665091,9899.461006441414
0933324141b24cb8.jpg,-40.40541290403201,-77.4011572590076,2884.6386747506726
aac01582af4464ae.jpg,-11.627042894386562,13.865219797554843,9909.026077725519
fc1e81f02faa0805.jpg,-13.134221981274978,28.412171705329527,1277.6779273480424
1197767d024837f2.jpg,-0.8844459095064399,28.61215982957018,8287.696100472549
a038246bda25769a.jpg,59.63190475270437,4.762413504932339,7610.930404205219
ea1cfa9556874f73.jpg,-10.964650196158203,12.425198218276092,7610.930404205219
8bccec30f31c2223.jpg,-1.9871818759504554,28.73593365671862,7610.930404205219
dc5c27e49e1f68d4.jpg,12.054373867989321,27.44735399522591,9899.461006441414
cade4cc79cf39ac0.jpg,37.88873017223495,135.95136676920762,8287.696100472549
550ebc89bf8ba978.jpg,-12.811258773314849,27.45266532791624,1277.6779273480424
89488f165b535a6f.jpg,68.76729055027518,81.10784105576869,1277.6779273480424
65ff992df8675ba9.jpg,-2.232051525360703,28.181192980890543,2884.6386747506726
3d933d4f471d06d8.jpg,40.61013994357081,-94.93073124205458,8287.696100472549
1447282e14157946.jpg,-20.429999700717183,27.88242447446075,7610.930404205219
eea64576e875e034.jpg,-12.786118249404327,27.859731437956093,2884.6386747506726
44843c678f531d9b.jpg,-1.2089464320827124,28.474577156325765,9909.026077725519
7f5c2bd1296f3253.jpg,12.542824609069287,79.66711641502495,7610.930404205219
7defeacf271ec0ed.jpg,42.26092378365164,79.07587156539657,8287.696100472549
24819f974fae340a.jpg,-10.652345021390232,13.062430808737641,1277.6779273480424
108fd566157ec463.jpg,-25.1564801334127,134.15097652877765,7610.930404205219
e8687bb526f4f261.jpg,62.24535651255965,43.35778494054439,2884.6386747506726
d991494befa25da3.jpg,2.675397215947341,8.644775490684264,2884.6386747506726
52fc7e5fca78247f.jpg,-20.674443938549246,-43.60517102003888,8287.696100472549
d3254162a08bbc53.jpg,53.97105673587348,-6.892106840276741,8287.696100472549
3a2134fe21fd6ab5.jpg,38.953812374370806,20.440383483346004,7610.930404205219
6b44625d551125ce.jpg,44.9451488955492,13.888908742781693,1277.6779273480424
285faa57bb3b8232.jpg,-2.3135387041631934,27.68315403337973,8287.696100472549
d7ecf427ba87176c.jpg,-2.9479688742223975,28.223202409829252,8287.696100472549
57c0690182c5a654.jpg,-38.20720622468828,143.96234045222653,1277.6779273480424
3c0fb4be69886bb7.jpg,46.79287796566149,-88.42276420449541,7610.930404205219
92be08d87933ca74.jpg,27.5505762511105,-14.795858039351714,8287.696100472549
5507c926c352d5ee.jpg,9.867006155318608,39.71685495282838,7610.930404205219
6a659565413c2829.jpg,-45.92442815639991,165.15997441095203,9899.461006441414
8eec1d5ab62a0c20.jpg,-41.44827424646213,-68.54788786195954,7610.930404205219
0ca412aa9d1e74b9.jpg,-38.184270476588,141.39744907621207,8287.696100472549
5238983b0d54924e.jpg,-17.759994141735312,-141.7395906713167,9899.461006441414
568e76881ea1f0d1.jpg,59.05927393004583,9.858989072082775,1277.6779273480424
521d9dc40679bfa4.jpg,36.98986829097456,12.757153038904708,8287.696100472549
7832c5edbdb92506.jpg,-3.355741176849961,28.737941040809687,1277.6779273480424
e4aa85a701766b27.jpg,-7.683530497749016,111.01222059654538,8287.696100472549
49079d76746c8f94.jpg,15.778494460372388,75.76654728259376,1277.6779273480424
c948eacc4628f3fa.jpg,63.51179036194033,110.52580578527291,7610.930404205219
a3c217e5acb86465.jpg,50.23602509124595,-105.31651371972407,9909.026077725519
1a2a258c994b4547.jpg,-28.24656369744179,-68.70050676255275,8287.696100472549
966897bdddc0ec2d.jpg,30.39015096847804,77.96319000069882,7610.930404205219
96dc2f4b0394a888.jpg,-20.83786095004865,-42.666979808741516,2884.6386747506726
91b04e0d2c264624.jpg,-1.9067330100599524,28.297888504932693,9909.026077725519
96f87e9f42290250.jpg,-9.681674366020474,11.44225558462226,8287.696100472549
70e49353ef9019a9.jpg,26.35613110471026,-101.69675400602674,9899.461006441414
fe7e8374b9cc9adc.jpg,8.414738568133702,39.590627057992606,9909.026077725519
248fb04611d71849.jpg,-10.92756300153664,15.695221794326383,8287.696100472549
4a649a01f2a82a95.jpg,55.61843428059139,38.37573099300856,2884.6386747506726
e6ea10776f00dff6.jpg,65.79668829988894,14.216805784648509,8287.696100472549
2352b706e0201f31.jpg,-25.05731198935221,29.938669850314387,9909.026077725519
55bd33522b0525ab.jpg,-37.60097653199075,143.98237791412055,9909.026077725519
b9dce2cda14daa22.jpg,-15.58061277427849,144.075705541709,9899.461006441414
1c759327b964029a.jpg,-0.900355342871308,28.487339573002334,8287.696100472549
db7d27af907298d4.jpg,0.5878477952417138,27.379460052394723,7610.930404205219
01f6b8a456c10df5.jpg,0.49016603445374995,29.548055395994727,7610.930404205219
91f0785c49f39a5b.jpg,-9.084888463043484,14.219613839012824,1277.6779273480424
167d6308f673e648.jpg,-0.8833743968073127,26.496630448420426,1277.6779273480424
e3cb679fe6a6de5c.jpg,35.69856615550433,37.4166007083225,9899.461006441414
69bf52d96d5ce6f5.jpg,-36.18565475107028,-75.27873161907229,9909.026077725519
29d41a1be0a57ed2.jpg,-15.281813795949786,143.59320909234495,9899.461006441414
